year,2027
bank,coverage,covers_from,retrieved,date_source_url,time_source_url,note
FOMC,full,,2026-10-10,https://www.federalreserve.gov/monetarypolicy/fomccalendars.htm,https://www.federalreserve.gov/newsevents/pressreleases/monetary20260916a.htm,"Decision date is the meeting's last day. The Fed: 'Each meeting date is tentative until confirmed at the meeting immediately preceding it.' Time: statement press releases read 'For release at 2:00 p.m.' Eastern."
ECB,full,,2026-10-10,https://www.ecb.europa.eu/press/calendars/mgcgc/html/index.en.html,https://www.ecb.europa.eu/press/govcdec/mopo/html/index.en.html,"Decision date is Day 2 ('followed by press conference'). Time: decisions are 'published in a press release at 14:15 CET', read as Frankfurt local time (Europe/Berlin)."
BOE,full,,2026-10-10,https://www.bankofengland.co.uk/monetary-policy/upcoming-mpc-dates,,"Dates are the page's '2027 confirmed dates'. The Bank's dates page states no announcement time, so rows are date-only."
BOJ,full,,2026-10-10,https://www.boj.or.jp/en/mopo/mpmsche_minu/index.htm,,"Decision date is the meeting's second day. The BoJ publishes no fixed announcement time, so rows are date-only."
bank,meeting_start,date,local_time,timezone,source_url,note
FOMC,2027-01-26,2027-01-27,14:00,America/New_York,https://www.federalreserve.gov/monetarypolicy/fomccalendars.htm,tentative until confirmed at the preceding meeting
FOMC,2027-03-16,2027-03-17,14:00,America/New_York,https://www.federalreserve.gov/monetarypolicy/fomccalendars.htm,tentative until confirmed at the preceding meeting
FOMC,2027-04-27,2027-04-28,14:00,America/New_York,https://www.federalreserve.gov/monetarypolicy/fomccalendars.htm,tentative until confirmed at the preceding meeting
FOMC,2027-06-08,2027-06-09,14:00,America/New_York,https://www.federalreserve.gov/monetarypolicy/fomccalendars.htm,tentative until confirmed at the preceding meeting
FOMC,2027-07-27,2027-07-28,14:00,America/New_York,https://www.federalreserve.gov/monetarypolicy/fomccalendars.htm,tentative until confirmed at the preceding meeting
FOMC,2027-09-14,2027-09-15,14:00,America/New_York,https://www.federalreserve.gov/monetarypolicy/fomccalendars.htm,tentative until confirmed at the preceding meeting
FOMC,2027-10-26,2027-10-27,14:00,America/New_York,https://www.federalreserve.gov/monetarypolicy/fomccalendars.htm,tentative until confirmed at the preceding meeting
FOMC,2027-12-07,2027-12-08,14:00,America/New_York,https://www.federalreserve.gov/monetarypolicy/fomccalendars.htm,tentative until confirmed at the preceding meeting
ECB,2027-02-03,2027-02-04,14:15,Europe/Berlin,https://www.ecb.europa.eu/press/calendars/mgcgc/html/index.en.html,
ECB,2027-03-17,2027-03-18,14:15,Europe/Berlin,https://www.ecb.europa.eu/press/calendars/mgcgc/html/index.en.html,
ECB,2027-04-28,2027-04-29,14:15,Europe/Berlin,https://www.ecb.europa.eu/press/calendars/mgcgc/html/index.en.html,
ECB,2027-06-09,2027-06-10,14:15,Europe/Berlin,https://www.ecb.europa.eu/press/calendars/mgcgc/html/index.en.html,
ECB,2027-07-21,2027-07-22,14:15,Europe/Berlin,https://www.ecb.europa.eu/press/calendars/mgcgc/html/index.en.html,
ECB,2027-09-08,2027-09-09,14:15,Europe/Berlin,https://www.ecb.europa.eu/press/calendars/mgcgc/html/index.en.html,
ECB,2027-10-27,2027-10-28,14:15,Europe/Berlin,https://www.ecb.europa.eu/press/calendars/mgcgc/html/index.en.html,
ECB,2027-12-15,2027-12-16,14:15,Europe/Berlin,https://www.ecb.europa.eu/press/calendars/mgcgc/html/index.en.html,
BOE,2027-02-04,2027-02-04,,Europe/London,https://www.bankofengland.co.uk/monetary-policy/upcoming-mpc-dates,
BOE,2027-03-18,2027-03-18,,Europe/London,https://www.bankofengland.co.uk/monetary-policy/upcoming-mpc-dates,
BOE,2027-04-29,2027-04-29,,Europe/London,https://www.bankofengland.co.uk/monetary-policy/upcoming-mpc-dates,
BOE,2027-06-17,2027-06-17,,Europe/London,https://www.bankofengland.co.uk/monetary-policy/upcoming-mpc-dates,
BOE,2027-07-29,2027-07-29,,Europe/London,https://www.bankofengland.co.uk/monetary-policy/upcoming-mpc-dates,
BOE,2027-09-16,2027-09-16,,Europe/London,https://www.bankofengland.co.uk/monetary-policy/upcoming-mpc-dates,
BOE,2027-11-04,2027-11-04,,Europe/London,https://www.bankofengland.co.uk/monetary-policy/upcoming-mpc-dates,
BOE,2027-12-16,2027-12-16,,Europe/London,https://www.bankofengland.co.uk/monetary-policy/upcoming-mpc-dates,
BOJ,2027-01-21,2027-01-22,,Asia/Tokyo,https://www.boj.or.jp/en/mopo/mpmsche_minu/index.htm,
BOJ,2027-03-17,2027-03-18,,Asia/Tokyo,https://www.boj.or.jp/en/mopo/mpmsche_minu/index.htm,
BOJ,2027-04-27,2027-04-28,,Asia/Tokyo,https://www.boj.or.jp/en/mopo/mpmsche_minu/index.htm,
BOJ,2027-06-10,2027-06-11,,Asia/Tokyo,https://www.boj.or.jp/en/mopo/mpmsche_minu/index.htm,
BOJ,2027-07-21,2027-07-22,,Asia/Tokyo,https://www.boj.or.jp/en/mopo/mpmsche_minu/index.htm,
BOJ,2027-09-21,2027-09-22,,Asia/Tokyo,https://www.boj.or.jp/en/mopo/mpmsche_minu/index.htm,
BOJ,2027-10-28,2027-10-29,,Asia/Tokyo,https://www.boj.or.jp/en/mopo/mpmsche_minu/index.htm,
BOJ,2027-12-16,2027-12-17,,Asia/Tokyo,https://www.boj.or.jp/en/mopo/mpmsche_minu/index.htm,
